proj_id,points,stu_id
PRJ_002,100,STU_074
PRJ_003,85,STU_074
PRJ_012,80,STU_074
PRJ_009,70,STU_074
PRJ_011,60,STU_074
PRJ_007,55,STU_074
PRJ_021,40,STU_074
PRJ_013,40,STU_074
PRJ_005,35,STU_074
PRJ_002,100,STU_007
PRJ_001,100,STU_056
PRJ_019,100,STU_104
PRJ_002,100,STU_090
PRJ_001,100,STU_090
PRJ_010,100,STU_050
PRJ_002,90,STU_090
PRJ_021,75,STU_090
PRJ_003,75,STU_050
PRJ_007,85,STU_050
PRJ_016,80,STU_050
PRJ_009,70,STU_090
PRJ_013,80,STU_050
PRJ_010,65,STU_090
PRJ_002,65,STU_050
PRJ_008,55,STU_090
PRJ_015,45,STU_090
PRJ_019,35,STU_090
PRJ_015,65,STU_050
PRJ_019,55,STU_050
PRJ_002,100,STU_063
PRJ_008,60,STU_050
PRJ_011,40,STU_050
PRJ_021,40,STU_050
PRJ_012,40,STU_050
PRJ_017,40,STU_050
PRJ_009,35,STU_050
PRJ_001,45,STU_050
PRJ_006,0,STU_050
PRJ_001,100,STU_052
PRJ_009,20,STU_050
PRJ_002,90,STU_052
PRJ_004,0,STU_050
PRJ_021,75,STU_052
PRJ_005,10,STU_050
PRJ_009,70,STU_052
PRJ_010,65,STU_052
PRJ_020,0,STU_050
PRJ_008,55,STU_052
PRJ_014,0,STU_050
PRJ_015,45,STU_052
PRJ_019,35,STU_052
PRJ_010,95,STU_063
PRJ_002,100,STU_026
PRJ_004,0,STU_026
PRJ_019,20,STU_026
PRJ_010,60,STU_026
PRJ_008,50,STU_026
PRJ_001,60,STU_026
PRJ_011,60,STU_026
PRJ_021,70,STU_026
PRJ_002,100,STU_026
PRJ_012,20,STU_026
PRJ_003,40,STU_026
PRJ_017,50,STU_026
PRJ_015,0,STU_026
PRJ_006,0,STU_026
PRJ_005,40,STU_026
PRJ_007,35,STU_026
PRJ_020,10,STU_026
PRJ_014,10,STU_026
PRJ_013,20,STU_026
PRJ_016,10,STU_026
PRJ_009,35,STU_026
PRJ_004,0,STU_026
PRJ_016,100,STU_004
PRJ_002,100,STU_013
PRJ_012,90,STU_013
PRJ_010,80,STU_013
PRJ_015,80,STU_013
PRJ_008,50,STU_013
PRJ_013,65,STU_013
PRJ_002,100,STU_093
PRJ_021,100,STU_043
PRJ_021,100,STU_097
PRJ_010,90,STU_043
PRJ_002,80,STU_043
PRJ_010,90,STU_097
PRJ_002,80,STU_097
PRJ_010,100,STU_105
PRJ_006,90,STU_105
PRJ_013,100,STU_003
PRJ_003,95,STU_003
PRJ_002,100,STU_058
PRJ_012,100,STU_058
PRJ_021,50,STU_058
PRJ_020,75,STU_058
PRJ_013,100,STU_099
PRJ_002,80,STU_099
PRJ_012,95,STU_099
PRJ_004,20,STU_099
PRJ_019,30,STU_099
PRJ_015,60,STU_099
PRJ_002,100,STU_048
PRJ_010,90,STU_048
PRJ_008,100,STU_069
PRJ_016,95,STU_069
PRJ_013,95,STU_069
PRJ_009,90,STU_069
PRJ_005,90,STU_069
PRJ_008,100,STU_073
PRJ_016,95,STU_073
PRJ_013,95,STU_073
PRJ_009,90,STU_073
PRJ_005,90,STU_073
PRJ_001,100,STU_027
PRJ_013,100,STU_062
PRJ_012,95,STU_062
PRJ_002,75,STU_062
PRJ_003,70,STU_062
PRJ_004,65,STU_062
PRJ_005,60,STU_062
PRJ_015,50,STU_062
PRJ_007,40,STU_062
PRJ_020,30,STU_062
PRJ_021,20,STU_062
PRJ_011,10,STU_062
PRJ_008,100,STU_045
PRJ_016,95,STU_045
PRJ_013,95,STU_045
PRJ_009,90,STU_045
PRJ_005,90,STU_045
PRJ_005,100,STU_051
PRJ_003,90,STU_051
PRJ_007,100,STU_081
PRJ_012,95,STU_051
PRJ_012,80,STU_081
PRJ_006,75,STU_081
PRJ_011,75,STU_051
PRJ_021,70,STU_081
PRJ_021,90,STU_024
PRJ_010,95,STU_024
PRJ_002,92,STU_024
PRJ_015,80,STU_024
PRJ_002,100,STU_087
PRJ_002,100,STU_087
PRJ_003,85,STU_100
PRJ_012,80,STU_100
PRJ_002,70,STU_100
PRJ_015,80,STU_100
PRJ_004,75,STU_100
PRJ_016,50,STU_100
PRJ_013,40,STU_100
PRJ_001,90,STU_087
PRJ_019,80,STU_087
PRJ_008,95,STU_087
PRJ_005,85,STU_087
PRJ_003,75,STU_087
PRJ_016,5,STU_087
PRJ_013,5,STU_087
PRJ_004,5,STU_087
PRJ_009,75,STU_087
PRJ_011,5,STU_087
PRJ_004,0,STU_086
PRJ_010,95,STU_063
PRJ_002,100,STU_063
PRJ_012,35,STU_063
PRJ_016,96,STU_003
PRJ_002,100,STU_063
PRJ_010,80,STU_063
PRJ_021,65,STU_063
PRJ_003,65,STU_063
PRJ_012,60,STU_063
PRJ_013,45,STU_063
PRJ_011,14,STU_063
PRJ_015,9,STU_063
PRJ_002,100,STU_020
PRJ_001,100,STU_101
PRJ_002,90,STU_101
PRJ_008,99,STU_093
PRJ_004,98,STU_093
PRJ_003,97,STU_093
PRJ_010,95,STU_101
PRJ_005,96,STU_093
PRJ_009,95,STU_093
PRJ_009,80,STU_101
PRJ_013,80,STU_101
PRJ_016,80,STU_101
PRJ_002,75,STU_101
PRJ_017,65,STU_101
PRJ_007,94,STU_093
PRJ_016,30,STU_093
PRJ_013,29,STU_093
PRJ_017,28,STU_093
PRJ_002,100,STU_020
PRJ_015,27,STU_093
PRJ_010,26,STU_093
PRJ_019,25,STU_093
PRJ_001,24,STU_093
PRJ_011,45,STU_093
PRJ_021,44,STU_093
PRJ_012,46,STU_093
PRJ_006,1,STU_093
PRJ_010,100,STU_105
PRJ_004,70,STU_027
PRJ_005,60,STU_027
PRJ_017,60,STU_027
PRJ_008,55,STU_027
PRJ_016,40,STU_027
PRJ_013,35,STU_027
PRJ_019,35,STU_027
PRJ_010,5,STU_027
PRJ_011,0,STU_027
PRJ_021,0,STU_027
PRJ_002,15,STU_027
PRJ_012,0,STU_027
PRJ_003,5,STU_027
PRJ_015,0,STU_027
PRJ_006,0,STU_027
PRJ_007,0,STU_027
PRJ_020,0,STU_027
PRJ_014,0,STU_027
PRJ_009,0,STU_027
PRJ_002,100,STU_029
PRJ_003,100,STU_029
PRJ_008,99,STU_029
PRJ_009,98,STU_029
PRJ_010,98,STU_029
PRJ_005,97,STU_029
PRJ_008,100,STU_019
PRJ_009,100,STU_019
PRJ_017,85,STU_053
PRJ_019,97,STU_019
PRJ_021,97,STU_019
PRJ_002,90,STU_102
PRJ_016,98,STU_019
PRJ_010,98,STU_019
PRJ_005,98,STU_019
PRJ_002,60,STU_019
PRJ_003,85,STU_019
PRJ_001,65,STU_019
PRJ_013,95,STU_019
PRJ_011,96,STU_019
PRJ_008,100,STU_069
PRJ_002,100,STU_044
PRJ_002,100,STU_044
PRJ_021,100,STU_031
PRJ_012,95,STU_031
PRJ_011,88,STU_031
PRJ_010,85,STU_031
PRJ_015,80,STU_031
PRJ_017,90,STU_044
PRJ_012,80,STU_044
PRJ_008,70,STU_044
PRJ_021,100,STU_059
PRJ_019,100,STU_059
PRJ_009,50,STU_059
PRJ_008,50,STU_059
PRJ_001,0,STU_059
PRJ_010,0,STU_059
PRJ_012,0,STU_059
PRJ_006,0,STU_059
PRJ_004,0,STU_059
PRJ_013,0,STU_059
PRJ_020,0,STU_059
PRJ_015,0,STU_059
PRJ_002,90,STU_102
PRJ_012,88,STU_102
PRJ_007,86,STU_102
PRJ_013,85,STU_102
PRJ_016,85,STU_102
PRJ_013,85,STU_102
PRJ_003,80,STU_102
PRJ_002,100,STU_046
PRJ_015,72,STU_102
PRJ_004,71,STU_102
PRJ_012,90,STU_047
PRJ_007,90,STU_047
PRJ_012,99,STU_014
PRJ_008,78,STU_102
PRJ_021,89,STU_047
PRJ_003,89,STU_047
PRJ_013,95,STU_014
PRJ_016,94,STU_014
PRJ_020,91,STU_047
PRJ_011,92,STU_014
PRJ_010,90,STU_014
PRJ_002,100,STU_002
PRJ_002,100,STU_071
PRJ_001,87,STU_014
PRJ_012,90,STU_071
PRJ_012,90,STU_002
PRJ_021,85,STU_014
PRJ_003,85,STU_002
PRJ_003,84,STU_014
PRJ_003,85,STU_071
PRJ_017,80,STU_014
PRJ_007,78,STU_002
PRJ_007,78,STU_071
PRJ_013,78,STU_071
PRJ_013,78,STU_002
PRJ_016,70,STU_002
PRJ_008,75,STU_014
PRJ_016,70,STU_071
PRJ_010,90,STU_104
PRJ_015,65,STU_002
PRJ_015,65,STU_071
PRJ_008,50,STU_002
PRJ_008,50,STU_071
PRJ_002,65,STU_014
PRJ_020,50,STU_002
PRJ_020,50,STU_071
PRJ_005,20,STU_002
PRJ_005,20,STU_071
PRJ_019,64,STU_014
PRJ_019,15,STU_071
PRJ_019,15,STU_002
PRJ_014,85,STU_104
PRJ_021,10,STU_071
PRJ_006,60,STU_014
PRJ_021,10,STU_002
PRJ_017,10,STU_002
PRJ_017,10,STU_071
PRJ_015,59,STU_014
PRJ_009,10,STU_002
PRJ_009,10,STU_071
PRJ_010,0,STU_002
PRJ_010,0,STU_071
PRJ_001,0,STU_071
PRJ_001,0,STU_002
PRJ_011,0,STU_071
PRJ_011,0,STU_002
PRJ_006,0,STU_071
PRJ_006,0,STU_002
PRJ_014,0,STU_071
PRJ_014,0,STU_002
PRJ_004,0,STU_071
PRJ_004,0,STU_002
PRJ_002,100,STU_002
PRJ_007,55,STU_014
PRJ_002,100,STU_071
PRJ_015,60,STU_104
PRJ_010,100,STU_032
PRJ_010,100,STU_037
PRJ_007,50,STU_032
PRJ_008,60,STU_037
PRJ_008,60,STU_032
PRJ_002,100,STU_055
PRJ_015,70,STU_055
PRJ_012,80,STU_055
PRJ_003,80,STU_055
PRJ_004,85,STU_055
PRJ_017,70,STU_055
PRJ_016,70,STU_055
PRJ_016,100,STU_039
PRJ_003,10,STU_046
PRJ_013,99,STU_039
PRJ_004,98,STU_039
PRJ_010,100,STU_064
PRJ_010,100,STU_064
PRJ_008,80,STU_064
PRJ_021,100,STU_055
PRJ_009,70,STU_064
PRJ_010,100,STU_064
PRJ_003,50,STU_046
PRJ_004,15,STU_046
PRJ_019,10,STU_064
PRJ_019,85,STU_055
PRJ_016,100,STU_038
PRJ_013,99,STU_038
PRJ_004,98,STU_038
PRJ_019,0,STU_038
PRJ_010,0,STU_038
PRJ_008,0,STU_038
PRJ_001,0,STU_038
PRJ_011,0,STU_038
PRJ_021,0,STU_038
PRJ_021,0,STU_038
PRJ_001,100,STU_056
PRJ_002,0,STU_038
PRJ_012,0,STU_038
PRJ_003,0,STU_038
PRJ_017,0,STU_038
PRJ_015,0,STU_038
PRJ_008,85,STU_056
PRJ_006,0,STU_038
PRJ_005,0,STU_038
PRJ_007,0,STU_038
PRJ_020,0,STU_038
PRJ_014,0,STU_038
PRJ_009,0,STU_038
PRJ_005,75,STU_056
PRJ_002,90,STU_035
PRJ_015,85,STU_035
PRJ_013,75,STU_056
PRJ_004,0,STU_056
PRJ_003,70,STU_056
PRJ_013,75,STU_031
PRJ_016,72,STU_031
PRJ_009,62,STU_056
PRJ_016,100,STU_057
PRJ_009,62,STU_056
PRJ_016,100,STU_057
PRJ_019,40,STU_056
PRJ_017,56,STU_056
PRJ_013,99,STU_057
PRJ_004,98,STU_057
PRJ_019,0,STU_057
PRJ_010,0,STU_057
PRJ_002,35,STU_056
PRJ_008,0,STU_057
PRJ_001,0,STU_057
PRJ_011,0,STU_057
PRJ_021,0,STU_057
PRJ_020,30,STU_056
PRJ_002,0,STU_057
PRJ_012,0,STU_057
PRJ_003,0,STU_057
PRJ_017,0,STU_057
PRJ_017,0,STU_057
PRJ_015,0,STU_057
PRJ_006,0,STU_057
PRJ_021,24,STU_056
PRJ_011,21,STU_056
PRJ_005,0,STU_057
PRJ_012,14,STU_056
PRJ_007,0,STU_057
PRJ_020,0,STU_057
PRJ_014,0,STU_057
PRJ_009,0,STU_057
PRJ_006,0,STU_057
PRJ_015,11,STU_056
PRJ_016,9,STU_056
PRJ_014,5,STU_056
PRJ_007,5,STU_056
PRJ_006,4,STU_056
PRJ_010,3,STU_056
PRJ_001,100,STU_056
PRJ_002,100,STU_017
PRJ_019,80,STU_017
PRJ_002,100,STU_017
PRJ_008,100,STU_079
PRJ_009,78,STU_017
PRJ_019,89,STU_017
PRJ_002,100,STU_017
PRJ_001,100,STU_091
PRJ_010,60,STU_044
PRJ_019,60,STU_044
PRJ_004,40,STU_044
PRJ_009,20,STU_044
PRJ_003,20,STU_044
PRJ_021,75,STU_091
PRJ_008,100,STU_041
PRJ_017,71,STU_017
PRJ_002,100,STU_017
PRJ_010,95,STU_041
PRJ_007,90,STU_041
PRJ_021,75,STU_017
PRJ_002,100,STU_017
PRJ_007,70,STU_041
PRJ_013,70,STU_041
PRJ_009,60,STU_041
PRJ_002,90,STU_091
PRJ_008,55,STU_091
PRJ_015,45,STU_091
PRJ_019,35,STU_091
PRJ_013,99,STU_018
PRJ_019,0,STU_039
PRJ_010,0,STU_039
PRJ_008,0,STU_039
PRJ_012,100,STU_077
PRJ_001,0,STU_039
PRJ_011,0,STU_039
PRJ_021,0,STU_039
PRJ_002,0,STU_039
PRJ_012,0,STU_039
PRJ_003,0,STU_039
PRJ_017,0,STU_039
PRJ_015,0,STU_039
PRJ_006,0,STU_039
PRJ_005,0,STU_039
PRJ_016,100,STU_006
PRJ_007,0,STU_039
PRJ_007,0,STU_039
PRJ_013,99,STU_006
PRJ_020,0,STU_039
PRJ_014,0,STU_039
PRJ_009,0,STU_039
PRJ_004,98,STU_006
PRJ_009,0,STU_006
PRJ_014,0,STU_006
PRJ_020,0,STU_006
PRJ_007,0,STU_006
PRJ_001,100,STU_025
PRJ_005,0,STU_006
PRJ_006,0,STU_006
PRJ_015,0,STU_006
PRJ_017,0,STU_006
PRJ_003,0,STU_006
PRJ_012,0,STU_006
PRJ_002,0,STU_006
PRJ_021,0,STU_006
PRJ_011,0,STU_006
PRJ_001,0,STU_006
PRJ_008,0,STU_006
PRJ_010,0,STU_006
PRJ_019,0,STU_006
PRJ_018,0,STU_006
PRJ_017,60,STU_025
PRJ_016,100,STU_006
PRJ_013,50,STU_025
PRJ_016,59,STU_025
PRJ_008,90,STU_025
PRJ_002,10,STU_025
PRJ_019,0,STU_018
PRJ_010,0,STU_018
PRJ_008,0,STU_018
PRJ_001,0,STU_018
PRJ_011,0,STU_018
PRJ_021,0,STU_018
PRJ_012,0,STU_018
PRJ_003,0,STU_018
PRJ_008,100,STU_022
PRJ_017,0,STU_018
PRJ_015,0,STU_018
PRJ_006,0,STU_018
PRJ_005,0,STU_018
PRJ_005,80,STU_022
PRJ_007,0,STU_018
PRJ_005,75,STU_079
PRJ_020,0,STU_018
PRJ_014,0,STU_018
PRJ_016,100,STU_018
PRJ_009,0,STU_018
PRJ_018,0,STU_018
PRJ_004,98,STU_018
PRJ_012,100,STU_060
PRJ_013,95,STU_060
PRJ_017,90,STU_060
PRJ_016,95,STU_060
PRJ_007,95,STU_060
PRJ_021,90,STU_060
PRJ_001,100,STU_036
PRJ_011,70,STU_060
PRJ_002,80,STU_060
PRJ_003,75,STU_060
PRJ_016,100,STU_028
PRJ_006,70,STU_060
PRJ_013,99,STU_028
PRJ_004,98,STU_028
PRJ_019,0,STU_028
PRJ_005,80,STU_036
PRJ_010,0,STU_028
PRJ_008,0,STU_028
PRJ_001,0,STU_028
PRJ_001,0,STU_028
PRJ_011,0,STU_028
PRJ_017,80,STU_036
PRJ_021,0,STU_028
PRJ_002,0,STU_028
PRJ_012,0,STU_028
PRJ_003,0,STU_028
PRJ_003,0,STU_028
PRJ_017,0,STU_028
PRJ_004,50,STU_036
PRJ_015,0,STU_028
PRJ_006,0,STU_028
PRJ_008,50,STU_036
PRJ_005,0,STU_028
PRJ_007,0,STU_028
PRJ_016,50,STU_036
PRJ_020,0,STU_028
PRJ_014,0,STU_028
PRJ_002,50,STU_036
PRJ_014,0,STU_028
PRJ_013,50,STU_036
PRJ_009,0,STU_028
PRJ_018,0,STU_028
PRJ_017,70,STU_017
PRJ_009,79,STU_017
PRJ_021,84,STU_017
PRJ_019,92,STU_017
PRJ_002,100,STU_017
PRJ_013,60,STU_053
PRJ_013,78,STU_085
PRJ_017,100,STU_053
PRJ_021,88,STU_085
PRJ_021,40,STU_053
PRJ_008,100,STU_022
PRJ_001,100,STU_001
PRJ_010,90,STU_001
PRJ_017,89,STU_001
PRJ_019,85,STU_001
PRJ_008,80,STU_001
PRJ_014,75,STU_001
PRJ_019,100,STU_016
PRJ_021,98,STU_016
PRJ_008,97,STU_016
PRJ_003,96,STU_016
PRJ_019,100,STU_016
PRJ_010,95,STU_016
PRJ_016,94,STU_016
PRJ_021,92,STU_016
PRJ_009,90,STU_016
PRJ_011,89,STU_016
PRJ_001,88,STU_016
PRJ_005,86,STU_016
PRJ_015,85,STU_016
PRJ_012,85,STU_016
PRJ_013,84,STU_016
PRJ_017,84,STU_016
PRJ_014,82,STU_016
PRJ_006,78,STU_016
PRJ_007,74,STU_016
PRJ_020,73,STU_016
PRJ_004,72,STU_016
PRJ_002,70,STU_016
PRJ_018,70,STU_016
PRJ_015,60,STU_085
PRJ_007,88,STU_085
PRJ_021,100,STU_015
PRJ_007,100,STU_021
PRJ_012,100,STU_015
PRJ_003,100,STU_015
PRJ_005,100,STU_051
PRJ_004,80,STU_015
PRJ_016,70,STU_015
PRJ_013,50,STU_015
PRJ_002,90,STU_015
PRJ_016,100,STU_094
PRJ_013,99,STU_094
PRJ_004,98,STU_094
PRJ_019,0,STU_094
PRJ_010,0,STU_094
PRJ_008,0,STU_094
PRJ_001,0,STU_094
PRJ_011,0,STU_094
PRJ_021,0,STU_094
PRJ_021,0,STU_094
PRJ_002,0,STU_094
PRJ_012,0,STU_094
PRJ_003,0,STU_094
PRJ_018,0,STU_094
PRJ_009,92,STU_007
PRJ_009,0,STU_094
PRJ_019,84,STU_007
PRJ_014,0,STU_094
PRJ_021,73,STU_007
PRJ_003,66,STU_007
PRJ_012,58,STU_007
PRJ_020,0,STU_094
PRJ_004,49,STU_007
PRJ_007,0,STU_094
PRJ_008,41,STU_007
PRJ_011,30,STU_007
PRJ_005,0,STU_094
PRJ_017,18,STU_007
PRJ_002,0,STU_094
PRJ_012,0,STU_094
PRJ_003,0,STU_094
PRJ_006,0,STU_094
PRJ_017,0,STU_094
PRJ_015,0,STU_094
PRJ_005,0,STU_094
PRJ_013,100,STU_067
PRJ_013,100,STU_082
PRJ_016,90,STU_067
PRJ_016,90,STU_082
PRJ_008,80,STU_067
PRJ_008,80,STU_082
PRJ_001,80,STU_082
PRJ_001,80,STU_067
PRJ_002,100,STU_023
PRJ_017,90,STU_023
PRJ_012,80,STU_023
PRJ_008,70,STU_023
PRJ_001,60,STU_023
PRJ_010,50,STU_023
PRJ_004,40,STU_023
PRJ_009,30,STU_023
PRJ_019,20,STU_023
PRJ_007,100,STU_008
PRJ_010,95,STU_008
PRJ_010,100,STU_070
PRJ_008,100,STU_092
PRJ_012,75,STU_070
PRJ_015,75,STU_070
PRJ_002,25,STU_070
PRJ_018,25,STU_070
PRJ_017,25,STU_070
PRJ_007,99,STU_092
PRJ_015,98,STU_092
PRJ_010,97,STU_092
PRJ_014,96,STU_092
PRJ_010,100,STU_009
PRJ_012,75,STU_009
PRJ_015,75,STU_009
PRJ_017,25,STU_009
PRJ_004,25,STU_009
PRJ_002,25,STU_009
PRJ_021,100,STU_084
PRJ_019,60,STU_084
PRJ_005,50,STU_084
PRJ_007,40,STU_084
PRJ_010,40,STU_084
PRJ_013,90,STU_008
PRJ_016,85,STU_008
PRJ_021,100,STU_033
PRJ_007,99,STU_033
PRJ_010,98,STU_033
PRJ_012,97,STU_033
PRJ_008,96,STU_033
PRJ_003,95,STU_033
PRJ_007,100,STU_049
PRJ_002,80,STU_049
PRJ_013,60,STU_049
PRJ_016,60,STU_049
PRJ_004,40,STU_049
PRJ_006,20,STU_049
PRJ_021,100,STU_011
PRJ_019,95,STU_011
PRJ_010,90,STU_011
PRJ_001,80,STU_011
PRJ_010,100,STU_106
PRJ_017,25,STU_106
PRJ_004,25,STU_106
PRJ_002,25,STU_106
PRJ_012,75,STU_106
PRJ_015,75,STU_106
PRJ_013,100,STU_010
PRJ_016,95,STU_010
PRJ_012,98,STU_010
PRJ_003,35,STU_084
PRJ_021,100,STU_012
PRJ_003,95,STU_010
PRJ_002,99,STU_010
PRJ_015,10,STU_010
PRJ_021,100,STU_012
PRJ_011,15,STU_010
PRJ_021,5,STU_010
PRJ_011,70,STU_012
PRJ_010,60,STU_012
PRJ_008,60,STU_012
PRJ_017,60,STU_012
PRJ_003,80,STU_021
PRJ_010,100,STU_030
PRJ_001,90,STU_030
PRJ_017,80,STU_030
PRJ_009,70,STU_030
PRJ_002,30,STU_030
PRJ_019,25,STU_030
PRJ_004,20,STU_030
PRJ_008,15,STU_030
PRJ_008,70,STU_021
PRJ_019,0,STU_021
PRJ_008,100,STU_056
PRJ_016,100,STU_054
PRJ_017,90,STU_054
PRJ_008,80,STU_054
PRJ_007,70,STU_054
PRJ_002,60,STU_054
PRJ_004,40,STU_096
PRJ_001,50,STU_054
PRJ_007,100,STU_096
PRJ_013,60,STU_096
PRJ_016,60,STU_096
PRJ_002,80,STU_096
PRJ_006,20,STU_096
PRJ_017,90,STU_065
PRJ_021,50,STU_037
PRJ_010,80,STU_065
PRJ_011,85,STU_065
PRJ_019,70,STU_065
PRJ_012,60,STU_065
PRJ_001,40,STU_065
PRJ_004,30,STU_065
PRJ_008,20,STU_065
PRJ_021,20,STU_065
PRJ_015,20,STU_065
PRJ_007,99,STU_043
PRJ_011,79,STU_043
PRJ_010,100,STU_083
PRJ_009,90,STU_083
PRJ_003,80,STU_083
PRJ_002,50,STU_081
PRJ_012,75,STU_083
PRJ_013,65,STU_083
PRJ_002,60,STU_083
PRJ_016,60,STU_083
PRJ_010,100,STU_042
PRJ_007,90,STU_042
PRJ_015,85,STU_042
PRJ_008,80,STU_042
PRJ_013,75,STU_042
PRJ_016,70,STU_042
PRJ_014,65,STU_042
PRJ_011,60,STU_042
PRJ_021,55,STU_042
PRJ_017,50,STU_042
PRJ_020,45,STU_042
PRJ_002,40,STU_042
PRJ_006,35,STU_042
PRJ_019,30,STU_042
PRJ_001,25,STU_042
PRJ_005,20,STU_042
PRJ_012,15,STU_042
PRJ_003,10,STU_042
PRJ_009,6,STU_042
PRJ_004,3,STU_042
PRJ_006,100,STU_072
PRJ_006,80,STU_072
PRJ_006,100,STU_072
PRJ_007,99,STU_097
PRJ_003,90,STU_072
PRJ_013,0,STU_043
PRJ_001,79,STU_097
PRJ_016,0,STU_043
PRJ_013,0,STU_043
PRJ_010,95,STU_076
PRJ_019,80,STU_072
PRJ_017,75,STU_043
PRJ_008,95,STU_076
PRJ_006,95,STU_076
PRJ_004,100,STU_088
PRJ_001,79,STU_043
PRJ_013,65,STU_076
PRJ_007,95,STU_047
PRJ_002,90,STU_088
PRJ_019,70,STU_088
PRJ_021,60,STU_088
PRJ_003,50,STU_088
PRJ_010,40,STU_088
PRJ_007,95,STU_080
PRJ_001,30,STU_088
PRJ_010,90,STU_103
PRJ_016,100,STU_080
PRJ_008,80,STU_103
PRJ_001,79,STU_103
PRJ_021,100,STU_103
PRJ_008,80,STU_080
PRJ_007,99,STU_103
PRJ_016,100,STU_103
PRJ_010,90,STU_080
PRJ_013,70,STU_080
PRJ_006,60,STU_080
PRJ_010,95,STU_056
PRJ_021,87,STU_047
PRJ_010,100,STU_068
PRJ_007,100,STU_066
PRJ_010,100,STU_068
PRJ_021,100,STU_095
PRJ_007,99,STU_095
PRJ_010,90,STU_095
PRJ_008,80,STU_095
PRJ_001,79,STU_095
PRJ_017,75,STU_095
PRJ_013,90,STU_066
PRJ_007,90,STU_068
PRJ_010,90,STU_066
PRJ_016,85,STU_066
PRJ_010,100,STU_056
PRJ_002,85,STU_066
PRJ_008,80,STU_068
PRJ_021,80,STU_068
PRJ_013,79,STU_068
PRJ_015,65,STU_021
PRJ_012,100,STU_077
PRJ_012,60,STU_021
,0,STU_021
PRJ_013,95,STU_077
PRJ_017,95,STU_077
PRJ_016,90,STU_077
PRJ_007,90,STU_077
PRJ_007,100,STU_068
PRJ_021,85,STU_077
PRJ_010,99,STU_068
PRJ_006,80,STU_077
PRJ_003,70,STU_077
PRJ_011,65,STU_077
PRJ_002,60,STU_077
PRJ_012,100,STU_034
PRJ_010,100,STU_068
PRJ_007,99,STU_068
PRJ_008,80,STU_034
PRJ_016,70,STU_034
PRJ_021,50,STU_034
PRJ_010,100,STU_078
PRJ_017,40,STU_034
PRJ_002,30,STU_034
PRJ_008,90,STU_078
PRJ_002,80,STU_005
PRJ_004,90,STU_005
PRJ_020,70,STU_005
PRJ_005,70,STU_005
PRJ_015,10,STU_008
PRJ_003,60,STU_005
PRJ_004,90,STU_078
PRJ_008,50,STU_005
PRJ_021,50,STU_005
PRJ_012,50,STU_005
PRJ_008,100,STU_075
PRJ_021,95,STU_075
PRJ_010,90,STU_075
PRJ_003,50,STU_075
PRJ_007,70,STU_078
PRJ_012,40,STU_075
PRJ_002,20,STU_075
PRJ_001,10,STU_075
PRJ_009,50,STU_078
PRJ_020,40,STU_078
PRJ_014,40,STU_078
PRJ_006,20,STU_078
PRJ_019,30,STU_078
PRJ_019,0,STU_098
PRJ_021,70,STU_078
PRJ_018,100,STU_098
PRJ_010,75,STU_098
PRJ_008,50,STU_098
PRJ_021,60,STU_078
PRJ_013,60,STU_098
PRJ_003,40,STU_098
PRJ_002,30,STU_098
PRJ_011,60,STU_078
PRJ_007,100,STU_068
PRJ_010,99,STU_068
PRJ_005,30,STU_098
PRJ_016,20,STU_098
PRJ_012,50,STU_078
PRJ_009,15,STU_046
PRJ_018,20,STU_046
PRJ_019,75,STU_089
PRJ_010,90,STU_089
PRJ_008,80,STU_089
PRJ_001,0,STU_089
PRJ_012,100,STU_089
PRJ_020,68,STU_031
PRJ_003,62,STU_031
PRJ_008,58,STU_031
PRJ_002,100,STU_040
PRJ_021,90,STU_040
PRJ_007,60,STU_040
PRJ_012,70,STU_040
PRJ_019,85,STU_061
PRJ_010,80,STU_061
PRJ_008,78,STU_061
PRJ_001,68,STU_061
PRJ_011,48,STU_061
PRJ_021,35,STU_061
PRJ_002,65,STU_061
PRJ_012,82,STU_061
PRJ_003,70,STU_061
PRJ_017,30,STU_061
PRJ_015,72,STU_061
PRJ_006,32,STU_061
PRJ_005,58,STU_061
PRJ_007,60,STU_061
PRJ_020,45,STU_061
PRJ_014,65,STU_061
PRJ_013,55,STU_061
PRJ_016,52,STU_061
PRJ_009,50,STU_061
PRJ_004,95,STU_061
PRJ_003,65,STU_079
PRJ_021,55,STU_079
